{
  "train_loss_mean": 0.059786200523376465,
  "train_loss_std": 0.007960236426455769,
  "val_loss_mean": 0.05586965680122376,
  "val_loss_std": 0.018992447301593617,
  "test_loss_mean": 0.03824993818998337,
  "test_loss_std": 0.0036094476900195007,
  "train_mae_mean": 0.039518973976373675,
  "train_mae_std": 0.007831423964918219,
  "val_mae_mean": 0.0356024332344532,
  "val_mae_std": 0.018506946468901976,
  "test_mae_mean": 0.01798271406441927,
  "test_mae_std": 0.0029579326742456215
}