{
  "train_loss_mean": 0.14940294325351716,
  "train_loss_std": 0.01695833158107752,
  "val_loss_mean": 0.154823999106884,
  "val_loss_std": 0.044043741180619926,
  "test_loss_mean": 0.09940418899059296,
  "test_loss_std": 0.02939333528940728,
  "train_mae_mean": 0.13369108289480208,
  "train_mae_std": 0.015632570155193915,
  "val_mae_mean": 0.13911213129758834,
  "val_mae_std": 0.04543587445911592,
  "test_mae_mean": 0.0836923211812973,
  "test_mae_std": 0.028738504571916335
}