{
  "train_loss_mean": 0.0441017672419548,
  "train_loss_std": 0.003833471195280221,
  "val_loss_mean": 0.047197625041007996,
  "val_loss_std": 0.009050942258705504,
  "test_loss_mean": 0.22235366478562354,
  "test_loss_std": 0.18330660592937423,
  "train_mae_mean": 0.025425982475280762,
  "train_mae_std": 0.0035226284717300954,
  "val_mae_mean": 0.028521842509508132,
  "val_mae_std": 0.008204304747992127,
  "test_mae_mean": 0.20367787964642048,
  "test_mae_std": 0.18320407970871885
}