{
  "train_loss_mean": 0.15470277070999144,
  "train_loss_std": 0.04179339074586403,
  "val_loss_mean": 0.17946214228868484,
  "val_loss_std": 0.0893726665454889,
  "test_loss_mean": 0.15294262617826462,
  "test_loss_std": 0.1375793203161061,
  "train_mae_mean": 0.1359778180718422,
  "train_mae_std": 0.04026784148192319,
  "val_mae_mean": 0.16073719412088394,
  "val_mae_std": 0.08905327781851227,
  "test_mae_mean": 0.13421767503023146,
  "test_mae_std": 0.13627374203133566
}