{
  "train_loss_mean": 0.07200881764292717,
  "train_loss_std": 0.018755486455748274,
  "val_loss_mean": 0.06896410137414932,
  "val_loss_std": 0.008558781342934769,
  "test_loss_mean": 0.5317529380321503,
  "test_loss_std": 0.05086829173288796,
  "train_mae_mean": 0.05354197844862938,
  "train_mae_std": 0.018612318162278867,
  "val_mae_mean": 0.05049726068973541,
  "val_mae_std": 0.008561959448543788,
  "test_mae_mean": 0.5132861077785492,
  "test_mae_std": 0.05077014007426571
}