{
  "train_loss_mean": 0.19656874239444733,
  "train_loss_std": 0.00926527220407263,
  "val_loss_mean": 0.1981571227312088,
  "val_loss_std": 0.05156001692435207,
  "test_loss_mean": 0.1915854513645172,
  "test_loss_std": 0.03515820634592874,
  "train_mae_mean": 0.18112126588821412,
  "train_mae_std": 0.007008619569693344,
  "val_mae_mean": 0.18270966410636902,
  "val_mae_std": 0.05098448791836193,
  "test_mae_mean": 0.17613798081874849,
  "test_mae_std": 0.03380221693237984
}