{
  "train_loss_mean": 0.3300639122724533,
  "train_loss_std": 0.07541663987421866,
  "val_loss_mean": 0.34689760357141497,
  "val_loss_std": 0.21535286147194935,
  "test_loss_mean": 0.2903319478034973,
  "test_loss_std": 0.03700451501954582,
  "train_mae_mean": 0.31111025512218476,
  "train_mae_std": 0.0745861613291044,
  "val_mae_mean": 0.3279439672827721,
  "val_mae_std": 0.21556635679591718,
  "test_mae_mean": 0.27137829959392545,
  "test_mae_std": 0.036186774862379194
}