{
  "train_loss_mean": 0.1792708307504654,
  "train_loss_std": 0.008941728699781893,
  "val_loss_mean": 0.17972238063812257,
  "val_loss_std": 0.04032325390825145,
  "test_loss_mean": 0.17093828916549683,
  "test_loss_std": 0.0010563486144496972,
  "train_mae_mean": 0.17714941799640654,
  "train_mae_std": 0.00942971124925764,
  "val_mae_mean": 0.1776009202003479,
  "val_mae_std": 0.03980025690060244,
  "test_mae_mean": 0.16881682574748993,
  "test_mae_std": 0.00033968801405869506
}