{
  "train_loss_mean": 0.10615315884351731,
  "train_loss_std": 0.0062131262342446135,
  "val_loss_mean": 0.1082823932170868,
  "val_loss_std": 0.03274635063572278,
  "test_loss_mean": 0.12210987359285355,
  "test_loss_std": 0.004789580950942124,
  "train_mae_mean": 0.09001346230506897,
  "train_mae_std": 0.00770971331952318,
  "val_mae_mean": 0.09214269369840622,
  "val_mae_std": 0.031282196387224286,
  "test_mae_mean": 0.10597018003463746,
  "test_mae_std": 0.005102496313767487
}