{
  "train_loss_mean": 0.41119456589221953,
  "train_loss_std": 0.4791562003320165,
  "val_loss_mean": 0.22794658541679383,
  "val_loss_std": 0.1742900198051568,
  "test_loss_mean": 0.47541565001010894,
  "test_loss_std": 0.5862993834072036,
  "train_mae_mean": 0.39546580612659454,
  "train_mae_std": 0.4762607786337857,
  "val_mae_mean": 0.2122177630662918,
  "val_mae_std": 0.17135981092875502,
  "test_mae_mean": 0.459686803817749,
  "test_mae_std": 0.5833988092410234
}