{
  "train_loss_mean": 0.0998492494225502,
  "train_loss_std": 0.01234473528503791,
  "val_loss_mean": 0.0950747326016426,
  "val_loss_std": 0.02168514488108679,
  "test_loss_mean": 0.18521674871444702,
  "test_loss_std": 0.014207260902623262,
  "train_mae_mean": 0.08128624856472015,
  "train_mae_std": 0.012598465607591675,
  "val_mae_mean": 0.0765117272734642,
  "val_mae_std": 0.0214308893689212,
  "test_mae_mean": 0.16665374040603637,
  "test_mae_std": 0.014998561740583966
}