{
  "train_loss_mean": 0.13528380990028382,
  "train_loss_std": 0.041771089278777755,
  "val_loss_mean": 0.10694186761975288,
  "val_loss_std": 0.06276331724816261,
  "test_loss_mean": 0.10500254333019257,
  "test_loss_std": 0.04950964820712739,
  "train_mae_mean": 0.11730760410428047,
  "train_mae_std": 0.041010174425105565,
  "val_mae_mean": 0.08896565958857536,
  "val_mae_std": 0.06215614849497455,
  "test_mae_mean": 0.0870263323187828,
  "test_mae_std": 0.04793865331643804
}