{
  "train_loss_mean": 2.1775274336338044,
  "train_loss_std": 1.1510021964444355,
  "val_loss_mean": 4.450068732351065,
  "val_loss_std": 6.172254500065341,
  "test_loss_mean": 5.8730033248662945,
  "test_loss_std": 3.9258508844939475,
  "train_mae_mean": 2.157281117886305,
  "train_mae_std": 1.1506686791492242,
  "val_mae_mean": 4.429822364449501,
  "val_mae_std": 6.1721262726207184,
  "test_mae_mean": 5.852756913751364,
  "test_mae_std": 3.925896125117537
}