{
  "train_loss_mean": 0.2943239644169807,
  "train_loss_std": 0.3532545909533841,
  "val_loss_mean": 0.10897095352411271,
  "val_loss_std": 0.03676796684577268,
  "test_loss_mean": 0.5001996994018555,
  "test_loss_std": 0.7629058493566968,
  "train_mae_mean": 0.2737481266260147,
  "train_mae_std": 0.3530710076228976,
  "val_mae_mean": 0.08839512765407562,
  "val_mae_std": 0.03618036686758955,
  "test_mae_mean": 0.4796238847076893,
  "test_mae_std": 0.7626799763432336
}