{
  "train_loss_mean": 0.15483302772045135,
  "train_loss_std": 0.013114568709126214,
  "val_loss_mean": 0.15746571719646454,
  "val_loss_std": 0.055701484144343706,
  "test_loss_mean": 0.2791112184524536,
  "test_loss_std": 0.073201943923832,
  "train_mae_mean": 0.13616092652082443,
  "train_mae_std": 0.012592893873001396,
  "val_mae_mean": 0.13879361152648925,
  "val_mae_std": 0.05646766199110098,
  "test_mae_mean": 0.26043911576271056,
  "test_mae_std": 0.07339360178770755
}