{
  "train_loss_mean": 1.9480044364929199,
  "train_loss_std": 3.543384752482474,
  "val_loss_mean": 0.8959815204143524,
  "val_loss_std": 1.507316389094189,
  "test_loss_mean": 5.458946460485459,
  "test_loss_std": 10.54236432894845,
  "train_mae_mean": 1.9277566075325012,
  "train_mae_std": 3.542885510596668,
  "val_mae_mean": 0.8757336601614952,
  "val_mae_std": 1.5068061118082698,
  "test_mae_mean": 5.438700896501541,
  "test_mae_std": 10.541883518840065
}