{
  "train_loss_mean": 0.07800809144973755,
  "train_loss_std": 0.007068468368467976,
  "val_loss_mean": 0.07947617247700692,
  "val_loss_std": 0.022492882531504263,
  "test_loss_mean": 0.07186476737260819,
  "test_loss_std": 0.004327753960852695,
  "train_mae_mean": 0.062379343807697295,
  "train_mae_std": 0.00588141357639165,
  "val_mae_mean": 0.0638474203646183,
  "val_mae_std": 0.023262561842869,
  "test_mae_mean": 0.05623601451516151,
  "test_mae_std": 0.002720595975656577
}