{
  "train_loss_mean": 0.13626580983400344,
  "train_loss_std": 0.008215433366965244,
  "val_loss_mean": 0.1348119258880615,
  "val_loss_std": 0.020480310677583442,
  "test_loss_mean": 0.1430947482585907,
  "test_loss_std": 0.011191105437523368,
  "train_mae_mean": 0.1266239255666733,
  "train_mae_std": 0.00514631081850388,
  "val_mae_mean": 0.12517004758119582,
  "val_mae_std": 0.018073602071226547,
  "test_mae_mean": 0.13345286548137664,
  "test_mae_std": 0.006882877145597122
}