{
  "train_loss_mean": 0.099478480219841,
  "train_loss_std": 0.009986606013118847,
  "val_loss_mean": 0.09192755669355393,
  "val_loss_std": 0.018015887246113037,
  "test_loss_mean": 0.08025258332490921,
  "test_loss_std": 0.009380887333287723,
  "train_mae_mean": 0.07997140884399415,
  "train_mae_std": 0.010247002055716504,
  "val_mae_mean": 0.07242048755288125,
  "val_mae_std": 0.017763264054815663,
  "test_mae_mean": 0.060745513439178465,
  "test_mae_std": 0.010135522844743682
}