{
  "train_loss_mean": 93.26042923927307,
  "train_loss_std": 180.31928551541324,
  "val_loss_mean": 2.482762022316456,
  "val_loss_std": 3.062343994988113,
  "test_loss_mean": 250.453741812706,
  "test_loss_std": 485.1634360683778,
  "train_mae_mean": 93.24034447669983,
  "train_mae_std": 180.31903770248817,
  "val_mae_mean": 2.4626849040389063,
  "val_mae_std": 3.0632002463664567,
  "test_mae_mean": 250.43366882801055,
  "test_mae_std": 485.1632128805698
}