{
  "train_loss_mean": 0.16285378336906434,
  "train_loss_std": 0.026519571305320018,
  "val_loss_mean": 0.16473615169525146,
  "val_loss_std": 0.0663445049387714,
  "test_loss_mean": 0.11056703776121139,
  "test_loss_std": 0.014894899758076176,
  "train_mae_mean": 0.14495259523391724,
  "train_mae_std": 0.025187392907822213,
  "val_mae_mean": 0.14683494418859483,
  "val_mae_std": 0.06777136741878648,
  "test_mae_mean": 0.09266584068536758,
  "test_mae_std": 0.014550051417240464
}