{
  "train_loss_mean": 0.15038678646087647,
  "train_loss_std": 0.11909787510125962,
  "val_loss_mean": 0.0951324999332428,
  "val_loss_std": 0.023737495275165534,
  "test_loss_mean": 0.46204444468021394,
  "test_loss_std": 0.42346884310697647,
  "train_mae_mean": 0.13143626898527144,
  "train_mae_std": 0.11810903773382136,
  "val_mae_mean": 0.07618198022246361,
  "val_mae_std": 0.023121075665625913,
  "test_mae_mean": 0.443093940615654,
  "test_mae_std": 0.42241487757765606
}