{
  "train_loss_mean": 0.12603274434804917,
  "train_loss_std": 0.037956208724541286,
  "val_loss_mean": 0.1293569952249527,
  "val_loss_std": 0.04037952353267625,
  "test_loss_mean": 0.12302756160497666,
  "test_loss_std": 0.04419932138297906,
  "train_mae_mean": 0.10741536319255829,
  "train_mae_std": 0.03789628334005946,
  "val_mae_mean": 0.11073960587382317,
  "val_mae_std": 0.04045417790361785,
  "test_mae_mean": 0.10441018491983414,
  "test_mae_std": 0.04425713436223249
}