{
  "train_loss_mean": 0.06452646106481552,
  "train_loss_std": 0.017199571971348974,
  "val_loss_mean": 0.06256272941827774,
  "val_loss_std": 0.02117547754710724,
  "test_loss_mean": 0.14095306694507598,
  "test_loss_std": 0.018363133709332558,
  "train_mae_mean": 0.04672797843813896,
  "train_mae_std": 0.016142168647643715,
  "val_mae_mean": 0.04476424492895603,
  "val_mae_std": 0.02152319649183303,
  "test_mae_mean": 0.12315458804368973,
  "test_mae_std": 0.017739441552573083
}