{
  "train_loss_mean": 0.3529588580131531,
  "train_loss_std": 0.02579128006705142,
  "val_loss_mean": 0.3539265513420105,
  "val_loss_std": 0.10552227309706731,
  "test_loss_mean": 0.3165147006511688,
  "test_loss_std": 0.008424661899802122,
  "train_mae_mean": 0.3386257827281952,
  "train_mae_std": 0.025401980669266574,
  "val_mae_mean": 0.3395934790372849,
  "val_mae_std": 0.10541276935617967,
  "test_mae_mean": 0.30218163728713987,
  "test_mae_std": 0.0046903604783805515
}