{
  "train_loss_mean": 0.4765721559524536,
  "train_loss_std": 0.03872730403175518,
  "val_loss_mean": 0.4781554639339447,
  "val_loss_std": 0.12762396099684611,
  "test_loss_mean": 0.3734952867031097,
  "test_loss_std": 0.022192570826865123,
  "train_mae_mean": 0.4580258309841156,
  "train_mae_std": 0.03918508274566236,
  "val_mae_mean": 0.4596091449260712,
  "val_mae_std": 0.12729046644605244,
  "test_mae_mean": 0.35494897365570066,
  "test_mae_std": 0.022972993761897535
}