{
  "train_loss_mean": 0.10161691606044769,
  "train_loss_std": 0.003105096216979539,
  "val_loss_mean": 0.10190433114767075,
  "val_loss_std": 0.021014725458210325,
  "test_loss_mean": 0.10347132831811905,
  "test_loss_std": 0.003621101260013177,
  "train_mae_mean": 0.08603274524211883,
  "train_mae_std": 0.0029139719326039923,
  "val_mae_mean": 0.08632016107439995,
  "val_mae_std": 0.018728198775343666,
  "test_mae_mean": 0.08788715302944183,
  "test_mae_std": 0.006328482476924598
}