{
  "train_loss_mean": 0.16429025828838348,
  "train_loss_std": 0.011337700634922513,
  "val_loss_mean": 0.17357133626937865,
  "val_loss_std": 0.05268518702083967,
  "test_loss_mean": 0.19244439899921417,
  "test_loss_std": 0.06499229677560789,
  "train_mae_mean": 0.14678573310375215,
  "train_mae_std": 0.010588001527029114,
  "val_mae_mean": 0.15606681257486343,
  "val_mae_std": 0.05190996146368593,
  "test_mae_mean": 0.17493987679481507,
  "test_mae_std": 0.06376867574531372
}