{
  "train_loss_mean": 0.2087836056947708,
  "train_loss_std": 0.04692694291713508,
  "val_loss_mean": 0.2009262412786484,
  "val_loss_std": 0.04676470653551559,
  "test_loss_mean": 0.15833397805690766,
  "test_loss_std": 0.03835327015272632,
  "train_mae_mean": 0.18876198977231978,
  "train_mae_std": 0.04690738960437319,
  "val_mae_mean": 0.18090462684631348,
  "val_mae_std": 0.046626709866336255,
  "test_mae_mean": 0.13831235766410827,
  "test_mae_std": 0.038574839470244794
}