{
  "train_loss_mean": 0.44743289351463317,
  "train_loss_std": 0.13673456450930035,
  "val_loss_mean": 0.45071981847286224,
  "val_loss_std": 0.5403445280387077,
  "test_loss_mean": 0.14211856424808503,
  "test_loss_std": 0.004479771057307025,
  "train_mae_mean": 0.43073277473449706,
  "train_mae_std": 0.13546868051641683,
  "val_mae_mean": 0.43401970267295836,
  "val_mae_std": 0.5416059470951382,
  "test_mae_mean": 0.12541844248771666,
  "test_mae_std": 0.003648211225461591
}