{
  "train_loss_mean": 0.4208930492401123,
  "train_loss_std": 0.3516099743312761,
  "val_loss_mean": 0.49411785751581194,
  "val_loss_std": 0.5159842849472621,
  "test_loss_mean": 0.2515001341700554,
  "test_loss_std": 0.2223975395845876,
  "train_mae_mean": 0.40161807760596274,
  "train_mae_std": 0.3517142168413529,
  "val_mae_mean": 0.4748429134488106,
  "val_mae_std": 0.5162349402329974,
  "test_mae_mean": 0.23222517892718314,
  "test_mae_std": 0.22246932435450392
}