{
  "train_loss_mean": 0.1738308012485504,
  "train_loss_std": 0.01450421400540351,
  "val_loss_mean": 0.16495094299316407,
  "val_loss_std": 0.06629483076557356,
  "test_loss_mean": 0.23283084034919738,
  "test_loss_std": 0.02838419898420779,
  "train_mae_mean": 0.15744387209415436,
  "train_mae_std": 0.013327257294028741,
  "val_mae_mean": 0.14856401681900025,
  "val_mae_std": 0.0656295483331225,
  "test_mae_mean": 0.2164439082145691,
  "test_mae_std": 0.028020142372925633
}