{
  "train_loss_mean": 0.11180734932422638,
  "train_loss_std": 0.01767641006010855,
  "val_loss_mean": 0.1056152805685997,
  "val_loss_std": 0.03146035948020612,
  "test_loss_mean": 0.09137469455599785,
  "test_loss_std": 0.025087236674972056,
  "train_mae_mean": 0.09125627428293229,
  "train_mae_std": 0.018810947274386335,
  "val_mae_mean": 0.08506420850753785,
  "val_mae_std": 0.03210232097778577,
  "test_mae_mean": 0.07082362025976181,
  "test_mae_std": 0.02635378527639985
}